<?xml version="1.0" encoding="UTF-8"?>
<openecdis:facility xmlns="http://www.openecdis.org/" xmlns:openecdis="http://www.openecdis.org/" xmlns:xsi="http://www.w3.org/2001/XMLSchema-instance" xsi:schemaLocation="http://ienc.openecdis.org/facility_editor/data/xsd/facility_1.0 http://ienc.openecdis.org/facility_editor/data/xsd/facility_1.0.xsd">
 <openecdis:version>4</openecdis:version>
 <openecdis:last_edited>2011-08-25 @ 13:56</openecdis:last_edited>
 <openecdis:id>AAXXX00001LOCKS00007b</openecdis:id>
 <openecdis:name>Argo</openecdis:name>
 <openecdis:type>Lock</openecdis:type>
 <openecdis:description>time schedule for leisure vessels</openecdis:description>
 <openecdis:operator>IEHG</openecdis:operator>
 
 <openecdis:time_schedule>
  <openecdis:type>Operation</openecdis:type>
  <openecdis:valid>
   <openecdis:from>2011-01-01</openecdis:from>
   <openecdis:to>2011-12-31</openecdis:to>
  </openecdis:valid>
  <openecdis:regular_schedule>
   <openecdis:period>
    <openecdis:from>2004-04-01</openecdis:from>
    <openecdis:to>2004-10-31</openecdis:to>
    <openecdis:days_with_common_schedule>
     <openecdis:name_of_days>Monday Tuesday Wednesday Thursday Friday</openecdis:name_of_days>
     <openecdis:time_frame>
      <openecdis:start>08:00</openecdis:start>
      <openecdis:end>15:30</openecdis:end>
     </openecdis:time_frame>
     <openecdis:remark>announcement at least 30 minutes in advance</openecdis:remark>
    </openecdis:days_with_common_schedule>
   </openecdis:period>
  </openecdis:regular_schedule>
 </openecdis:time_schedule>
</openecdis:facility>
