<?xml version="1.0" encoding="UTF-8"?>
<openecdis:facility xmlns="http://www.openecdis.org/" xmlns:openecdis="http://www.openecdis.org/" xmlns:xsi="http://www.w3.org/2001/XMLSchema-instance" xsi:schemaLocation="http://ienc.openecdis.org/facility_editor/data/xsd/facility_1.0 http://ienc.openecdis.org/facility_editor/data/xsd/facility_1.0.xsd">
 <openecdis:version>6</openecdis:version>
 <openecdis:last_edited>2011-08-25 @ 13:56</openecdis:last_edited>
 <openecdis:id>AAXXX00001LOCKS00007a</openecdis:id>
 <openecdis:name>Argo</openecdis:name>
 <openecdis:type>Lock</openecdis:type>
 <openecdis:image>whv.jpg</openecdis:image>
 <openecdis:description>Communication information</openecdis:description>
 <openecdis:operator>IEHG</openecdis:operator>
 <openecdis:communication_information>
  <openecdis:address>
   <openecdis:street>Argo street 1</openecdis:street>
   <openecdis:postcode>1111</openecdis:postcode>
   <openecdis:city>Argo city</openecdis:city>
   <openecdis:country>Argo country</openecdis:country>
  </openecdis:address>
  <openecdis:contact>
   <openecdis:phone>+1111111</openecdis:phone>
  </openecdis:contact>
  <openecdis:radio_communication>
   <openecdis:calling_name>Lock Argo</openecdis:calling_name>
   <openecdis:channel>11</openecdis:channel>
  </openecdis:radio_communication>
 </openecdis:communication_information>
 
</openecdis:facility>
