<?xml version="1.0" encoding="UTF-8"?>
<?xml version="1.0" encoding="UTF-8"?>
<openecdis:facility xmlns="http://www.openecdis.org/" xmlns:openecdis="http://www.openecdis.org/" xmlns:xsi="http://www.w3.org/2001/XMLSchema-instance" xsi:schemaLocation="http://ienc.openecdis.org/facility_editor/data/xsd/facility_1.0 http://ienc.openecdis.org/facility_editor/data/xsd/facility_1.0.xsd">
 <openecdis:version>1</openecdis:version>
 <openecdis:last_edited>2012-03-14 @ 13:40</openecdis:last_edited>
 <openecdis:id>5IABC123450000005235</openecdis:id>
 <openecdis:name>Argo City Port Authority</openecdis:name>
 <openecdis:type>Port Facility</openecdis:type>
 <openecdis:image>PortAuthority.jpg</openecdis:image>
 <openecdis:operator>Inland ECDIS Expert Group</openecdis:operator>
 <openecdis:owner>Inland ECDIS Expert Group</openecdis:owner>
 <openecdis:communication_information>
  <openecdis:address>
   <openecdis:street>Long Quay 1</openecdis:street>
   <openecdis:postcode>12345</openecdis:postcode>
   <openecdis:city>Argo City</openecdis:city>
  </openecdis:address>
  <openecdis:contact>
   <openecdis:company>Argo City Port Authority</openecdis:company>
   <openecdis:phone>+49 123 9876543</openecdis:phone>
   <openecdis:email>info@acpa.eu</openecdis:email>
   <openecdis:url>www.acpa.eu</openecdis:url>
  </openecdis:contact>
 </openecdis:communication_information>
 
</openecdis:facility>
