<?xml version="1.0" encoding="UTF-8"?>
<openecdis:facility xmlns="http://www.openecdis.org/" xmlns:openecdis="http://www.openecdis.org/" xmlns:xsi="http://www.w3.org/2001/XMLSchema-instance" xsi:schemaLocation="http://ienc.openecdis.org/facility_editor/data/xsd/facility_1.0 http://ienc.openecdis.org/facility_editor/data/xsd/facility_1.0.xsd">
 <openecdis:version>5</openecdis:version>
 <openecdis:last_edited>2012-03-14 @ 12:38</openecdis:last_edited>
 <openecdis:id>5IABC123450000005293</openecdis:id>
 <openecdis:name>Platina Lock</openecdis:name>
 <openecdis:type>Lock</openecdis:type>
 <openecdis:image>PlatinaLock.jpg</openecdis:image>
 <openecdis:description>Example lock construction</openecdis:description>
 <openecdis:operator>Inland ECDIS Expert Group</openecdis:operator>
 <openecdis:owner>Inland ECDIS Expert Group</openecdis:owner>
 <openecdis:communication_information>
  <openecdis:address>
   <openecdis:street>Platina Way 1</openecdis:street>
   <openecdis:postcode>12345</openecdis:postcode>
   <openecdis:city>Indris Town</openecdis:city>
  </openecdis:address>
  <openecdis:contact>
   <openecdis:phone>+49 123 45678</openecdis:phone>
   <openecdis:mobile>+49 987 6543210</openecdis:mobile>
   <openecdis:email>platinaLock@web.org</openecdis:email>
  </openecdis:contact>
 </openecdis:communication_information>
 <openecdis:time_schedule>
  <openecdis:type>Operation</openecdis:type>
  <openecdis:valid/>
  <openecdis:regular_schedule>
   <openecdis:period>
    <openecdis:from>2012-03-01</openecdis:from>
    <openecdis:to>2027-10-31</openecdis:to>
    <openecdis:days_with_common_schedule>
     <openecdis:name_of_days>Monday Tuesday Wednesday Thursday Friday Saturday Sunday Public Holidays</openecdis:name_of_days>
     <openecdis:time_frame>
      <openecdis:start>07:00</openecdis:start>
      <openecdis:end>07:00</openecdis:end>
     </openecdis:time_frame>
     <openecdis:remark>24 hour operation</openecdis:remark>
    </openecdis:days_with_common_schedule>
   </openecdis:period>
   <openecdis:period>
    <openecdis:from>2012-11-01</openecdis:from>
    <openecdis:to>2027-02-28</openecdis:to>
    <openecdis:days_with_common_schedule>
     <openecdis:name_of_days>Monday Tuesday Wednesday Thursday Friday Saturday Sunday Public Holidays</openecdis:name_of_days>
     <openecdis:time_frame>
      <openecdis:start>07:00</openecdis:start>
      <openecdis:end>19:00</openecdis:end>
     </openecdis:time_frame>
     <openecdis:remark>daylight operation</openecdis:remark>
    </openecdis:days_with_common_schedule>
   </openecdis:period>
  </openecdis:regular_schedule>
 </openecdis:time_schedule>
</openecdis:facility>
